Genre,Parent Genre
Ambient,NA
Ambient Americana,Ambient
Ambient Noise Wall,Ambient
Dark Ambient,Ambient
Black Ambient,Dark Ambient
Ritual Ambient,Dark Ambient
Space Ambient,Ambient
Tribal Ambient,Ambient
Blues,NA
Acoustic Blues,Blues
Acoustic Chicago Blues,Acoustic Blues
Acoustic Texas Blues,Acoustic Blues
Jug Band,Blues
Piedmont Blues,Blues
Boogie Woogie,Blues
Country Blues,Blues
Delta Blues,Blues
Hill Country Blues,Blues
Electric Blues,Blues
British Blues,Electric Blues
Chicago Blues,Electric Blues
Electric Texas Blues,Electric Blues
Swamp Blues,Electric Blues
Fife and Drum Blues,Blues
Jump Blues,Electric Blues
New Orleans Blues,Electric Blues
Piano Blues,Electric Blues
Soul Blues,Electric Blues
Vaudeville Blues,Blues
Country,NA
Alt-Country,Country
Gothic Country,Country
Bluegrass,Country
Bluegrass Gospel,Bluegrass
Progressive Bluegrass,Bluegrass
Jamgrass,Bluegrass
Contemporary Country,Country
Neo-Traditionalist Country,Contemporary Country
Country & Irish,Country
Country Pop,Country
Bro-Country,Country
Countrypolitan,Country
Urban Cowboy,Country
Honky Tonk,Country
Bakersfield Sound,Country
Truck Driving Country,Country
Nashville Sound,Country
Countrypolitan,Country
Progressive Country,Country
Outlaw Country,Country
Red Dirt,Country
Traditional Country,Country
Close Harmony,Traditional Country
Country Boogie,Traditional Country
Country Gospel,Traditional Country
Bluegrass Gospel,Traditional Country
Country Yodeling,Traditional Country
Trampská hudba,Country
Western,NA
Western Swing,Western
Classical Music,NA
Arabic Classical Music,Classical Music
Andalusian Classical Music,Classical Music
Iraqi Maqam,Classical Music
Sawt,Classical Music
Azerbaijani Mugham,Classical Music
East Asian Classical Music,NA
Chinese Classical Music,East Asian Classical Music
Baisha xiyue,Chinese Classical Music
Chinese Opera,Chinese Classical Music
Cantonese Opera,Chinese Opera
Peking Opera,Chinese Opera
Korean Revolutionary Opera,Chinese Opera
Revolutionary Opera,Chinese Opera
Shaoxing Opera,Chinese Opera
Dongjing,Chinese Classical Music
Yayue,Chinese Classical Music
Japanese Classical Music,NA
Gagaku,Japanese Classical Music
Heikyoku,Japanese Classical Music
Honkyoku,Japanese Classical Music
Jiuta,Japanese Classical Music
Joruri,Japanese Classical Music
Meiji shinkyoku,Japanese Classical Music
Nagauta,Japanese Classical Music
Noh,Japanese Classical Music
Shomyo,Japanese Classical Music
Sokyoku,Japanese Classical Music
Danmono,Sokyoku
Kumiuta,Sokyoku
Korean Classical Music,NA
Aak,Korean Classical Music
Dang-ak,Korean Classical Music
Hyang-ak,Korean Classical Music
Jeong-ak,Korean Classical Music
Gagok,Korean Classical Music
Vietnamese Classical Music,NA
Ca tru,Vietnamese Classical Music
Vietnamese Opera,Vietnamese Classical Music
Inkiranya,Classical Music
Minyue,Classical Music
Persian,Classical Music
Pìobaireachd,Classical Music
Shashmaqam,Classical Music
South Asian Classical Music,Classical Music
Burmese Classical Music,South Asian Classical Music
Gamelan,South Asian Classical Music
Balinese Gamelan,Gamelan
Gamelan angklung,Gamelan
Gamelan beleganjur,Gamelan
Gamelan gender wayang,Gamelan
Gamelan gong gede,Gamelan
Gamelan gong kebyar,Gamelan
Gamelan jegog,Gamelan
Gamelan selonding,Gamelan
Gamelan semar pegulingan,Gamelan
Gamelan degung,Gamelan
Javanese Gamelan,Gamelan
Gamelan sekaten,Javanese Gamelan
Malay Gamelan,Gamelan
Kacapi suling,South Asian Classical Music
Kulintang,South Asian Classical Music
Mahori,South Asian Classical Music
Malay Classical Music,South Asian Classical Music
Malay Gamelan,Malay Classical Music
Pinpeat,South Asian Classical Music
Saluang Klasik,South Asian Classical Music
Talempong,South Asian Classical Music
Tembang Sunda Cianjuran,South Asian Classical Music
Thai Classical Music,South Asian Classical Music
Fon leb,Thai Classical Music
Khrueang sai,Thai Classical Music
Piphat,Thai Classical Music
Turkish Classical Music,Classical Music
Turkish Mevlevi Music,Turkish Classical Music
Western Classical Music,Classical Music
Art Song,Western Classical Music
Elizabethan Song,Art Song
Lied,Art Song
Mélodie,Art Song
Orchestral Song,Art Song
Ballet,Western Classical Music
Opéra-ballet,Ballet
Baroque Music,Western Classical Music
Opéra-ballet,Baroque Music
Tragédie en musique,Baroque Music
Baroque Suite,Western Classical Music
Brazilian Classical Music,Western Classical Music
Valsa brasileira,Brazilian Classical Music
Byzantine Music,Western Classical Music
Byzantine Chant,Byzantine Music
Cantata,Western Classical Music
Chamber Music,Western Classical Music
Choral,Western Classical Music
Choral Symphony,Choral
Mass,Choral
Requiem,Mass
Cinematic Classical,Western Classical Music
Epic Music,Cinematic Classical
Spaghetti Western,Cinematic Classical
Spy Music,Cinematic Classical
Classical March,Western Classical Music
Circus March,Classical March
Dobrado,Classical March
Classical Period,Western Classical Music
Divertissement,Western Classical Music
Étude,Western Classical Music
Fantasia,Western Classical Music
Latin American Classical Music,Western Classical Music
Madrigal,Western Classical Music
Medieval Classical Music,Western Classical Music
Ars antiqua,Medieval Classical Music
Ars nova,Medieval Classical Music
Ars subtilior,Medieval Classical Music
Medieval Lyric Poetry,Medieval Classical Music
Plainsong,Western Classical Music
Ambrosian Chant,Plainsong
Canto mozárabe,Plainsong
Gregorian Chant,Plainsong
Modern Classical,Western Classical Music
Expressionism,Modern Classical
Futurism,Modern Classical
Impressionism,Modern Classical
Indeterminacy,Modern Classical
Microtonal Classical,Modern Classical
Minimalism,Modern Classical
Holy Minimalism,Minimalism
Musique concrète instrumentale,Modern Classical
New Complexity,Modern Classical
Post-Minimalism,Modern Classical
Totalism,Post-Minimalism
Serialism,Modern Classical
Integral Serialism,Serialism
Sonorism,Modern Classical
Spectralism,Modern Classical
Stochastic Music,Modern Classical
Motet,Western Classical Music
Neoclassicism,Western Classical Music
Nocturne,Western Classical Music
Opera,Western Classical Music
Ballad Opera,Opera
Opéra-ballet,Opera
Tragédie en musique,Opera
Grand opéra,Opera
Monodrama,Opera
Opera buffa,Opera
Opéra-comique,Opera
Opera semiseria,Opera
Opera seria,Opera
Operetta,Opera
Kalon'ny fahiny,Operetta
Romantische Oper,Opera
Singspiel,Opera
Verismo,Opera
Zarzuela,Opera
Zeitoper,Opera
Oratorio,Western Classical Music
Orchestral,Western Classical Music
Concerto,Orchestral
Concerto grosso,Orchestral
Orchestral Song,Orchestral
Symphony,Orchestral
Choral Symphony,Symphony
Tone Poem,Orchestral
Overture,Western Classical Music
Prelude,Western Classical Music
Renaissance Music,Western Classical Music
Elizabethan Song,Renaissance Music
Romanticism,Western Classical Music
Grand opéra,Romanticism
Romantische Oper,Romanticism
Serenade,Western Classical Music
Sonata,Western Classical Music
Spanish Classical Music,Western Classical Music
Canto mozárabe,Spanish Classical Music
Zarzuela,Spanish Classical Music
Toccata,Western Classical Music
Comedy,NA
Break-In,Comedy
Dutch Cabaret,Comedy
Kabarett,Comedy
Musical Comedy,Comedy
Comedy Rap,Musical Comedy
Comedy Rock,Musical Comedy
Scrumpy and Western,Musical Comedy
Prank Calls,Comedy
Sketch Comedy,Comedy
Stand-Up Comedy,Comedy
Pop,NA
Adult Contemporary,Pop
Afrobeats,Pop
Afropiano,Afrobeats
Alt-Pop,Pop
Ambient Pop,Pop
Arabic Pop,Pop
Al Jeel,Arabic Pop
Art Pop,Pop
Balkan Pop-Folk,Pop
Chalga,Balkan Pop-Folk
Manele,Balkan Pop-Folk
Modern Laika,Balkan Pop-Folk
Musika popullore,Balkan Pop-Folk
Muzică de mahala,Balkan Pop-Folk
Skiladika,Balkan Pop-Folk
Tallava,Balkan Pop-Folk
Turbo-Folk,Balkan Pop-Folk
Baroque Pop,Pop
Bitpop,Pop
Blue-Eyed Soul,Pop
Boy Band,Pop
Brega calypso,Pop
Brill Building Pop,Pop
Bubblegum,Pop
Cambodian Pop,Pop
Rom kbach,Cambodian Pop
Canción melódica,Pop
Bolero-Beat,Canción melódica
Música cebolla,Canción melódica
CCM,Pop
Praise & Worship,CCM
City Pop,Pop
Classical Crossover,Pop
Country Pop,Pop
Bro-Country,Country Pop
Countrypolitan,Country Pop
Urban Cowboy,Country Pop
C-Pop,Pop
Cantopop,C-Pop
Mandopop,C-Pop
Zhongguo feng,C-Pop
Dance-Pop,Pop
Bubblegum Dance,Dance-Pop
Disco polo,Dance-Pop
Freestyle,Dance-Pop
Latin Freestyle,Freestyle
Funk melody,Dance-Pop
Romanian Popcorn,Dance-Pop
Tecnorumba,Dance-Pop
Township Bubblegum,Dance-Pop
Dangdut,Pop
Dangdut koplo,Dangdut
Dansbandsmusik,Pop
Dansktop,Pop
Denpa,Pop
Easy Listening,Pop
Cocktail Nation,Easy Listening
Exotica,Easy Listening
Light Music,Easy Listening
Lounge,Easy Listening
Pops Orchestra,Easy Listening
Space Age Pop,Easy Listening
Electropop,Pop
Europop,Pop
Flamenco Pop,Pop
Folk Pop,Pop
French Pop,Pop
Girl Group,Pop
Glitch Pop,Pop
Hyperpop,Pop
Indian Pop,Pop
Indie Pop,Pop
Bedroom Pop,Indie Pop
C86,Indie Pop
Chamber Pop,Indie Pop
Neo-Acoustic,Indie Pop
Sonido Donosti,Indie Pop
Twee Pop,Indie Pop
Irish Showband,Pop
Italo Pop,Pop
Canzone neomelodica,Italo Pop
Jazz Pop,Pop
J-Pop,Pop
Akishibu-kei,J-Pop
Kayōkyoku,Pop
Idol kayō,Kayōkyoku
Mood kayō,Kayōkyoku
Techno kayō,Kayōkyoku
Korean Ballad,Pop
Oriental Ballad,Korean Ballad
K-Pop,Pop
Semi-Trot,K-Pop
Latin Pop,Pop
Cumbia pop,Latin Pop
Tropipop,Latin Pop
Lokal musik,Pop
Mulatós,Pop
Nederpop,Pop
New Music,Pop
New Romantic,Pop
OPM,Pop
Orthodox Pop,Pop
Palingsound,Pop
Persian Pop,Pop
Pop Batak,Pop
Pop Ghazal,Pop
Pop Raï,Pop
Pop Reggae,Pop
Pop Rock,Pop
Beat Music,Pop Rock
Freakbeat,Beat Music
Group Sounds,Beat Music
Jovem Guarda,Beat Music
Merseybeat,Beat Music
Nederbeat,Beat Music
Big Music,Pop Rock
Britpop,Pop Rock
Jangle Pop,Pop Rock
C86,Jangle Pop
Neo-Acoustic,Jangle Pop
Manila Sound,Pop Rock
Piano Rock,Pop Rock
Post-Britpop,Pop Rock
Power Pop,Pop Rock
Soft Rock,Pop Rock
Tropical Rock,Soft Rock
Yacht Rock,Soft Rock
Sonido Donosti,Pop Rock
Stereo,Pop Rock
Twee Pop,Pop Rock
Vocal Surf,Pop Rock
Pop Soul,Pop
Motown Sound,Pop Soul
Pop Sunda,Pop
Progressive Pop,Pop
Psychedelic Pop,Pop
Rabiz,Pop
Rigsar,Pop
Rumba catalana,Pop
Russian Chanson,Pop
Schlager,Pop
Humppa,Schlager
Levenslied,Schlager
Volkstümliche Musik,Schlager
Sertanejo romântico,Pop
Sertanejo universitário,Pop
Arrocha sertanejo,Sertanejo universitário
Funknejo,Sertanejo universitário
Shibuya-kei,Pop
Akishibu-kei,Shibuya-kei
Picopop,Shibuya-kei
Sophisti-Pop,Pop
Soviet Estrada,Pop
Sunshine Pop,Pop
Synthpop,Pop
Futurepop,Synthpop
Pon-chak disco,Synthpop
Techno kayō,Synthpop
Teen Pop,Pop
Traditional Pop,Pop
British Dance Band,Traditional Pop
Mood kayō,Traditional Pop
Romanţe,Traditional Pop
Standards,Traditional Pop
Tin Pan Alley,Traditional Pop
Turkish Pop,Pop
V-Pop,Pop
Yé-yé,Pop
Psychedelia,NA
Neo-Psychedelia,Psychedelia
Hypnagogic Pop,Neo-Psychedelia
Paisley Underground,Neo-Psychedelia
Space Rock Revival,Neo-Psychedelia
Psychedelic Folk,Psychedelia
Freak Folk,Psychedelic Folk
Free Folk,Psychedelic Folk
Psychedelic Pop,Psychedelia
Psychedelic Rock,Psychedelia
Acid Rock,Psychedelic Rock
Heavy Psych,Psychedelic Rock
Raga Rock,Psychedelic Rock
Space Rock,Psychedelic Rock
Space Rock Revival,Space Rock
Zamrock,Psychedelic Rock
Psychedelic Soul,Psychedelia
Stoner Rock,Psychedelia
Tropicália,Psychedelia
Rock,NA
Acoustic Rock,Rock
Afro-Rock,Rock
Alternative Rock,Rock
Alternative Dance,Alternative Rock
Grebo,Alternative Dance
New Rave,Alternative Dance
Baggy,Alternative Rock
Britpop,Alternative Rock
Dream Pop,Alternative Rock
Emo-Pop,Alternative Rock
Geek Rock,Alternative Rock
Grunge,Alternative Rock
Indie Rock,Alternative Rock
C86,Indie Rock
Dunedin Sound,Indie Rock
Garage Rock Revival,Indie Rock
Hamburger Schule,Indie Rock
Indie Surf,Indie Rock
Math Pop,Indie Rock
Midwest Emo,Indie Rock
New Rave,Indie Rock
Noise Pop,Indie Rock
Post-Punk Revival,Indie Rock
Slacker Rock,Indie Rock
Slowcore,Indie Rock
Twee Pop,Indie Rock
Jangle Pop,Indie Rock
C86,Jangle Pop
Neo-Acoustic,Jangle Pop
J-Rock,Alternative Rock
Yakousei,J-Rock
Paisley Underground,Alternative Rock
Post-Britpop,Alternative Rock
Post-Grunge,Alternative Rock
Shoegaze,Alternative Rock
Anatolian Rock,Rock
AOR,Rock
Art Punk,Rock
Art Rock,Rock
Bard Rock,Rock
Blues Rock,Rock
Boogie Rock,Blues Rock
British Rhythm & Blues,Rock
Candombe beat,Rock
Christian Rock,Rock
Comedy Rock,Rock
Country Rock,Rock
Cowpunk,Rock
Dark Cabaret,Rock
Deutschrock,Rock
Emo,Rock
Emocore,Emo
Emo-Pop,Emo
Midwest Emo,Emo
Screamo,Emo
Emoviolence,Screamo
Experimental Rock,Rock
Avant-Prog,Experimental Rock
Rock in Opposition,Avant-Prog
Zeuhl,Avant-Prog
Brutal Prog,Experimental Rock
Krautrock,Experimental Rock
No Wave,Experimental Rock
Folk Rock,Rock
Alpenrock,Folk Rock
British Folk Rock,Folk Rock
Celtic Rock,Folk Rock
Mittelalter-Rock,Folk Rock
Nordic Folk Rock,Folk Rock
Phleng phuea chiwit,Folk Rock
Pinoy Folk Rock,Folk Rock
Funk Rock,Rock
Funk Metal,Funk Rock
Garage Rock,Rock
Freakbeat,Garage Rock
Garage Punk,Garage Rock
Garage Rock Revival,Garage Rock
Glam Rock,Rock
Glam Punk,Glam Rock
Hardcore [Punk],Glam Punk
Easycore,Hardcore [Punk]
Grindcore,Hardcore [Punk]
Grindcore,Hardcore [Punk]
Cybergrind,Grindcore
Deathgrind,Grindcore
Goregrind,Grindcore
Gorenoise,Goregrind
Pornogrind,Goregrind
Mincecore,Grindcore
Hardcore Punk,Hardcore [Punk]
Beatdown Hardcore,Hardcore Punk
Burning Spirits,Hardcore Punk
Crossover Thrash,Hardcore Punk
Crust Punk,Hardcore Punk
Blackened Crust,Crust Punk
Neocrust,Crust Punk
Stenchcore,Crust Punk
D-Beat,Hardcore Punk
Japanese Hardcore,Hardcore Punk
Melodic Hardcore,Hardcore Punk
Mincecore,Hardcore Punk
New York Hardcore,Hardcore Punk
Powerviolence,Hardcore Punk
Skacore,Hardcore Punk
Crack Rock Steady,Skacore
Street Punk,Hardcore Punk
Thrashcore,Hardcore Punk
UK82,Hardcore Punk
Metalcore,Hardcore [Punk]
Deathcore,Metalcore
Mathcore,Metalcore
Melodic Metalcore,Metalcore
Nintendocore,Metalcore
Noisecore,Metalcore
Post-Hardcore,Metalcore
Emocore,Post-Hardcore
Screamo,Post-Hardcore
Swancore,Post-Hardcore
Sasscore,Post-Hardcore
Trancecore,Post-Hardcore
Hard Rock,Rock
Glam Metal,Hard Rock
Heavy Psych,Hard Rock
Stoner Rock,Hard Rock
Heartland Rock,Rock
Industrial Rock,Rock
Jam Band,Rock
Jamgrass,Jam Band
Livetronica,Jam Band
Jazz-Rock,Rock
Latin Rock,Rock
Manguebeat,Latin Rock
Math Rock,Rock
Math Pop,Math Rock
Metal,Rock
Alternative Metal,Metal
Funk Metal,Alternative Metal
Neue Deutsche Härte,Alternative Metal
Nu Metal,Alternative Metal
Rap Metal,Alternative Metal
Avant-Garde Metal,Metal
Black Metal,Metal
Atmospheric Black Metal,Black Metal
Blackgaze,Atmospheric Black Metal
Black 'n' Roll,Black Metal
Black Noise,Black Metal
Depressive Black Metal,Black Metal
Melodic Black Metal,Black Metal
Pagan Black Metal,Black Metal
Symphonic Black Metal,Black Metal
War Metal,Black Metal
Death Metal,Metal
Brutal Death Metal,Death Metal
Slam Death Metal,Death Metal
Death 'n' Roll,Death Metal
Deathgrind,Death Metal
Melodic Death Metal,Death Metal
Technical Death Metal,Death Metal
Dissonant Death Metal,Death Metal
Doom Metal,Metal
Death Doom Metal,Doom Metal
Funeral Doom Metal,Doom Metal
Traditional Doom Metal,Doom Metal
Epic Doom Metal,Doom Metal
Drone Metal,Doom Metal
Folk Metal,Doom Metal
Celtic Metal,Folk Metal
Mittelalter-Metal,Folk Metal
Gothic Metal,Metal
Grindcore,Metal
Groove Metal,Metal
Heavy Metal,Metal
NWOBHM,Heavy Metal
Speed Metal,Heavy Metal
US Power Metal,Heavy Metal
Industrial Metal,Metal
Cyber Metal,Industrial Metal
Neue Deutsche Härte,Industrial Metal
Metalcore,Industrial Metal
Neoclassical Metal,Metal
Post-Metal,Metal
Atmospheric Sludge Metal,Post-Metal
Power Metal,Metal
Progressive Metal,Metal
Djent,Progressive Metal
Sludge Metal,Metal
Atmospheric Sludge Metal,Sludge Metal
Southern Metal,Metal
Stenchcore,Metal
Stoner Metal,Metal
Symphonic Metal,Metal
Thrash Metal,Metal
Crossover Thrash,Thrash Metal
Technical Thrash Metal,Thrash Metal
Trance Metal,Metal
Viking Metal,Metal
Miejski folk,Rock
Mod,Rock
Mod Revival,Mod
New Wave,Rock
Neue Deutsche Welle,New Wave
New Romantic,New Wave
Noise Rock,Rock
Pop Rock,Rock
Post-Punk,Coldwave
Dance-Punk,Post-Punk
Gothic Rock,Post-Punk
Deathrock,Gothic Rock
No Wave,Post-Punk
Post-Punk Revival,Post-Punk
Post-Rock,Rock
Progressive Rock,Rock
Avant-Prog,Progressive Rock
Canterbury Scene,Progressive Rock
Brutal Prog,Progressive Rock
Canterbury Scene,Progressive Rock
Neo-Prog,Progressive Rock
Symphonic Prog,Progressive Rock
Proto-Punk,Rock
Psychedelic Rock,Rock
Pub Rock,Rock
Punk Blues,Rock
Punk Rock,Rock
Anarcho-Punk,Punk Rock
Celtic Punk,Punk Rock
Deathrock,Punk Rock
Deutschpunk,Punk Rock
Garage Punk,Punk Rock
Glam Punk,Punk Rock
Hardcore Punk,Punk Rock
Horror Punk,Punk Rock
Könsrock,Punk Rock
Oi!,Punk Rock
Pop Punk,Punk Rock
Psychobilly,Punk Rock
Queercore,Punk Rock
Riot Grrrl,Punk Rock
Ska Punk,Punk Rock
Skacore,Ska Punk
Skate Punk,Punk Rock
Surf Punk,Punk Rock
Vikingarock,Punk Rock
Rap Rock,Rock
Rap Metal,Rap Rock
Rock & Roll,Rock
Indorock,Rock & Roll
Rockabilly,Rock & Roll
Psychobilly,Rockabilly
Twist,Rock & Roll
Rock andaluz,Rock
Rock andino,Rock
Rock Musical,Rock
Rock Opera,Rock
Rock urbano español,Rock
Roots Rock,Rock
Swamp Rock,Rock
Tex-Mex,Rock
Southern Rock,Rock
Red Dirt,Southern Rock
Sufi Rock,Rock
Surf Music,Rock
Indie Surf,Surf Music
Surf Punk,Surf Music
Surf Rock,Surf Music
Eleki,Surf Rock
Rautalanka,Surf Rock
Wong shadow,Surf Rock
Vocal Surf,Surf Rock
Symphonic Rock,Rock
Tolai Rock,Rock
Visual kei,Rock
Zolo,Rock
Field Recordings,NA
Nature Recordings,Field Recordings
Animal Sounds,Nature Recordings
Birdsong,Nature Recordings
Insect Sounds,Nature Recordings
Whale Songs,Nature Recordings
Radio Broadcast Recordings,Field Recordings
Experimental,NA
Conducted Improvisation,Experimental
Data Sonification,Experimental
Drone,Experimental
Electroacoustic,Experimental
Acousmatic Music,Electroacoustic
EAI,Electroacoustic
Musique concrète,Electroacoustic
Free Improvisation,Experimental
EAI,Free Improvisation
Futurism,Experimental
Glitch,Experimental
Indeterminacy,Experimental
Industrial,Experimental
Power Electronics,Industrial
Death Industrial,Power Electronics
Microsound,Industrial
Modern Creative,Experimental
Noise,Experimental
Ambient Noise Wall,Noise
Black Noise,Noise
Gorenoise,Noise
Harsh Noise,Noise
Harsh Noise Wall,Noise
Power Electronics,Noise
Death Industrial,Power Electronics
Power Noise,Noise
Plunderphonics,Noise
Reductionism,Noise
Lowercase,Noise
Onkyo,Noise
Sound Art,Noise
Sound Collage,Noise
Epic Collage,Sound Collage
Sound Poetry,Noise
Tape Music,Noise
Turntable Music,Noise
Ska,NA
2 Tone,Ska
Jamaican Ska,Ska
Spouge,Ska
Third Wave Ska,Ska
Ska Punk,Third Wave Ska
Sounds and Effects,NA
ASMR,Sounds and Effects
Binaural Beats,Sounds and Effects
Spoken Word,NA
Fairy Tales,Spoken Word
Folktales,Spoken Word
Guided Meditation,Spoken Word
Interviews,Spoken Word
Lectures,Spoken Word
Poetry,Spoken Word
Beat Poetry,Poetry
Dub Poetry,Poetry
Jazz Poetry,Poetry
Slam Poetry,Poetry
Sound Poetry,Poetry
Radio Drama,Spoken Word
Speeches,Spoken Word
Singer-Songwriter,NA
Avtorskaya pesnya,Singer-Songwriter
Bard Rock,Avtorskaya pesnya
Canzone d'autore,Singer-Songwriter
Chanson à texte,Singer-Songwriter
Euskal kantagintza berria,Singer-Songwriter
Kleinkunst,Singer-Songwriter
Liedermacher,Singer-Songwriter
Música de intervenção,Singer-Songwriter
Nova cançó,Singer-Songwriter
Nòva cançon,Singer-Songwriter
Nueva canción,Singer-Songwriter
Nueva canción española,Singer-Songwriter
Nueva canción latinoamericana,Singer-Songwriter
Nueva canción chilena,Nueva canción latinoamericana
Nueva trova,Nueva canción latinoamericana
Nuevo Cancionero,Nueva canción latinoamericana
Poezja śpiewana,Singer-Songwriter
Punk,NA
Art Punk,Punk
Cowpunk,Punk
Digital Hardcore,Punk
Emo,Punk
Folk Punk,Punk
Celtic Punk,Folk Punk
Gypsy Punk,Folk Punk
Synth Punk,Punk
New Age,NA
Andean New Age,New Age
Celtic New Age,New Age
Native American New Age,New Age
Neoclassical New Age,New Age
New Age Kirtan,New Age
Tibetan New Age,New Age
Musical Theatre and Entertainment,NA
Ballad Opera,Musical Theatre and Entertainment
Cabaret,Musical Theatre and Entertainment
Cuplé,Musical Theatre and Entertainment
Dutch Cabaret,Musical Theatre and Entertainment
Kabarett,Musical Theatre and Entertainment
Kanto,Musical Theatre and Entertainment
Minstrelsy,Musical Theatre and Entertainment
Murga,Musical Theatre and Entertainment
Murga uruguaya,Murga
Music Hall,Musical Theatre and Entertainment
Operetta,Musical Theatre and Entertainment
Revue,Musical Theatre and Entertainment
Rock Musical,Musical Theatre and Entertainment
Show Tunes,Musical Theatre and Entertainment
Siffleur,Musical Theatre and Entertainment
Singspiel,Musical Theatre and Entertainment
Vaudeville,Musical Theatre and Entertainment
Vaudeville Blues,Vaudeville
R&B,NA
Blue-Eyed Soul,R&B
Boogie,R&B
Contemporary R&B,R&B
Alternative R&B,Contemporary R&B
Hip Hop Soul,Contemporary R&B
New Jack Swing,Contemporary R&B
UK Street Soul,Contemporary R&B
Doo-Wop,R&B
Funk,R&B
Acid Jazz,Funk
Afro-Funk,Funk
Britfunk,Funk
Deep Funk,Funk
Go-Go,Funk
Jazz-Funk,Funk
Latin Funk,Funk
P-Funk,Funk
Porn Groove,Funk
Synth Funk,Funk
Minneapolis Sound,Synth Funk
New Orleans R&B,R&B
Rhythm & Blues,R&B
British Rhythm & Blues,Rhythm & Blues
Swamp Pop,Rhythm & Blues
Twist,Rhythm & Blues
Soul,R&B
Chicago Soul,Soul
Country Soul,Soul
Deep Soul,Soul
Latin Soul,Soul
Neo-Soul,Soul
Northern Soul,Soul
Philly Soul,Soul
Pop Soul,Soul
Psychedelic Soul,Soul
Smooth Soul,Soul
Southern Soul,Soul
Industrial Music,NA
Industrial,Industrial Music
Power Electronics,Industrial
Death Industrial,Power Electronics
Post-Industrial,Industrial Music
Dark Ambient,Post-Industrial
Black Ambient,Dark Ambient
Ritual Ambient,Dark Ambient
Deconstructed Club,Post-Industrial
EBM,Post-Industrial
Dark Electro,EBM
Aggrotech,Dark Electro
Futurepop,EBM
New Beat,EBM
Electro-Industrial,Post-Industrial
Dark Electro,Electro-Industrial
Epic Collage,Post-Industrial
Industrial Hardcore,Post-Industrial
Industrial Hip Hop,Post-Industrial
Industrial Metal,Post-Industrial
Industrial Rock,Post-Industrial
Industrial Techno,Post-Industrial
Birmingham Sound,Industrial Techno
Martial Industrial,Post-Industrial
Power Noise,Post-Industrial
Jazz,NA
Afro-Jazz,Jazz
Arabic Jazz,Jazz
Avant-Garde Jazz,Jazz
Experimental Big Band,Jazz
Free Jazz,Jazz
European Free Jazz,Free Jazz
Yass,Avant-Garde Jazz
Bebop,Jazz
Big Band,Jazz
Experimental Big Band,Big Band
Progressive Big Band,Big Band
British Dance Band,Big Band
Bulawayo Jazz,Jazz
Cape Jazz,Jazz
Cartoon Music,Jazz
Chamber Jazz,Jazz
Cool Jazz,Jazz
Crime Jazz,Jazz
Dark Jazz,Jazz
Dixieland,Jazz
ECM Style Jazz,Jazz
Ethio-Jazz,Jazz
Flamenco Jazz,Jazz
Hard Bop,Jazz
Indo Jazz,Jazz
Jazz-Funk,Jazz
Jazz Fusion,Jazz
Jazz manouches,Jazz
Jazz Poetry,Jazz
Latin Jazz,Jazz
Afro-Cuban Jazz,Latin Jazz
Marabi,Jazz
Kwela,Jazz
Mbaqanga,Jazz
Modal Jazz,Jazz
Post-Bop,Jazz
Samba-jazz,Jazz
Smooth Jazz,Jazz
Soul Jazz,Jazz
Spiritual Jazz,Jazz
Spy Music,Jazz
Stride,Jazz
Swing,Jazz
Swing Revival,Swing
Third Stream,Jazz
Vocal Jazz,Jazz
Metal,NA
Dance,NA
Alternative Dance,Dance
Dance-Pop,Dance
Disco,Dance
Boogie,Disco
Electro-Disco,Disco
Hi-NRG,Electro-Disco
Italo-Disco,Electro-Disco
Space Disco,Electro-Disco
Euro-Disco,Disco
Latin Disco,Disco
Mutant Disco,Disco
Nu-Disco,Disco
Electronic Dance Music,Dance
Artcore,Electronic Dance Music
Balani Show,Electronic Dance Music
Balearic Beat,Electronic Dance Music
Bérite Club,Electronic Dance Music
Breakbeat,Electronic Dance Music
Acid Breaks,Breakbeat
Baltimore Club,Breakbeat
Big Beat,Breakbeat
Breakbeat Hardcore,Breakbeat
Darkside,Breakbeat Hardcore
Hardcore Breaks,Breakbeat Hardcore
Breakbeat kota,Breakbeat
Jungle Dutch,Breakbeat kota
Florida Breaks,Breakbeat
Nu Skool Breaks,Breakbeat
Progressive Breaks,Breakbeat
West Coast Breaks,Breakbeat
Broken Beat,Electronic Dance Music
Bubblegum Bass,Electronic Dance Music
Bubbling,Electronic Dance Music
Budots,Electronic Dance Music
Coupé-décalé,Electronic Dance Music
Cruise Control,Electronic Dance Music
Deconstructed Club,Electronic Dance Music
Digital Cumbia,Electronic Dance Music
Doskpop,Electronic Dance Music
Drum and Bass,Electronic Dance Music
Atmospheric Drum and Bass,Drum and Bass
Dancefloor Drum and Bass,Drum and Bass
Darkstep,Drum and Bass
Crossbreed,Darkstep
Skullstep,Darkstep
Drumfunk,Drum and Bass
Drumstep,Drum and Bass
Dubwise Drum and Bass,Drum and Bass
Footwork Jungle,Drum and Bass
Halftime,Drum and Bass
Hardstep,Drum and Bass
Jazzstep,Drum and Bass
Jump-Up,Drum and Bass
Jungle,Drum and Bass
Ragga Jungle,Jungle
Liquid Drum and Bass,Drum and Bass
Sambass,Drum and Bass
Minimal Drum and Bass,Drum and Bass
Neurofunk,Drum and Bass
Techstep,Drum and Bass
Trancestep,Drum and Bass
Dubstep,Electronic Dance Music
Brostep,Dubstep
Colour Bass,Brostep
Deathstep,Brostep
Drumstep,Dubstep
Riddim,Dubstep
Future Riddim,Riddim
Chillstep,Dubstep
Dungeon Sound,Dubstep
Melodic Dubstep,Dubstep
Purple Sound,Dubstep
East Coast Club,Dubstep
Baltimore Club,East Coast Club
Jersey Club,East Coast Club
Philly Club,East Coast Club
EBM,Electronic Dance Music
Electro,Electronic Dance Music
Skweee,Electro
Electroclash,Electro
Electro-Disco,Electro
Electro latino,Electro
Electro Swing,Electro
Eurobeat,Electro
Eurodance,Electro
Bubblegum Dance,Eurodance
Italo Dance,Eurodance
Flex Dance Music,Eurodance
Footwork,Electronic Dance Music
Footwork Jungle,Footwork
Freestyle,Electronic Dance Music
Funkot,Electronic Dance Music
Future Bass,Electronic Dance Music
Kawaii Future Bass,Future Bass
Future Rave,Electronic Dance Music
Ghettotech,Electronic Dance Music
Glitch Hop [EDM],Electronic Dance Music
Neurohop,Glitch Hop [EDM]
Grime,Electronic Dance Music
Weightless,Grime
Hardcore [EDM],Electronic Dance Music
Acidcore,Hardcore [EDM]
Belgian Techno,Hardcore [EDM]
Breakbeat Hardcore,Hardcore [EDM]
Breakcore,Hardcore [EDM]
Lolicore,Breakcore
Mashcore,Breakcore
Raggacore,Breakcore
Crossbreed,Hardcore [EDM]
Digital Hardcore,Hardcore [EDM]
Doomcore,Hardcore [EDM]
Freeform Hardcore,Hardcore [EDM]
Frenchcore,Hardcore [EDM]
Gabber,Hardcore [EDM]
Nu Style Gabber,Gabber
Happy Hardcore,Hardcore [EDM]
Bouncy Techno,Happy Hardcore
UK Hardcore,Happy Hardcore
Hardtek,Hardcore [EDM]
Industrial Hardcore,Hardcore [EDM]
J-core,Hardcore [EDM]
Speedcore,Hardcore [EDM]
Extratone,Speedcore
Splittercore,Speedcore
Terrorcore,Hardcore [EDM]
Uptempo Hardcore,Hardcore [EDM]
Hard Dance,Electronic Dance Music
Hardstyle,Hard Dance
Dubstyle,Hardstyle
Euphoric Hardstyle,Hardstyle
Psystyle,Hardstyle
Rawstyle,Hardstyle
Rawphoric,Rawstyle
Hardtek,Hard Dance
Hard Trance,Hard Dance
Jumpstyle,Hard Dance
Lento violento,Hard Dance
NRG,Hard Dance
UK Hardcore,Hard Dance
UK Hard House,Hard Dance
Scouse House,UK Hard House
Hardbass,Scouse House
Speed House,UK Hard House
Hard Drum,Electronic Dance Music
Hardvapour,Hard Drum
Hardwave,Hard Drum
House,Electronic Dance Music
Acid House,House
Afro House,House
Amapiano,House
Afropiano,Amapiano
Ambient House,House
Ballroom,House
Baltimore Club,House
Bass House,House
Speed House,Bass House
Bassline,House
Big Room House,House
Brazilian Bass,House
Slap House,Brazilian Bass
Bubbling House,House
Changa tuki,House
Chicago Hard House,House
LA Hard House,Chicago Hard House
Chicago House,House
Deep House,House
Lo-Fi House,Deep House
Diva House,House
Hardbag,Diva House
Electro House,House
Complextro,Electro House
Dutch House,Electro House
Fidget House,Electro House
French Electro,Electro House
Melbourne Bounce,French Electro
Euro House,House
Hardbag,Euro House
Festival Progressive House,House
French House,House
Funky House,House
Future Funk,House
Future House,House
Future Bounce,Future House
Slap House,Future House
Garage House,House
Gospel House,Garage House
Jersey Sound,Garage House
Ghetto House,House
Juke,Ghetto House
G-House,House
Gqom,House
Hip House,House
Italo House,House
Kwaito,House
Latin House,House
Microhouse,House
Organic House,House
Outsider House,House
Lo-Fi House,Outsider House
Progressive House,House
Romanian Popcorn,House
Speed Garage,House
Tech House,House
Deep Tech,Tech House
Tribal House,House
Guaracha [EDM],House
Tropical House,House
UK Hard House,House
Vinahouse,House
Jungle Terror,Electronic Dance Music
Kuduro,Electronic Dance Music
Batida,Kuduro
Makina,Electronic Dance Music
Manyao,Electronic Dance Music
Midtempo Bass,Electronic Dance Music
Moombahcore,Electronic Dance Music
Moombahton,Electronic Dance Music
Nerdcore Techno,Electronic Dance Music
Nu-Discount,Electronic Dance Music
Shangaan Electro,Electronic Dance Music
Singeli,Electronic Dance Music
Spacesynth,Electronic Dance Music
Techno,Electronic Dance Music
Acid Techno,Techno
Ambient Techno,Techno
Belgian Techno,Techno
Bleep Techno,Techno
Detroit Techno,Techno
Freetekno,Techno
Hardgroove Techno,Techno
Hard Techno,Techno
Schranz,Hard Techno
Industrial Techno,Techno
Melodic Techno,Techno
Minimal Techno,Techno
Dub Techno,Minimal Techno
Peak Time Techno,Techno
Wonky Techno,Techno
Techno Bass,Electronic Dance Music
Tecnorumba,Electronic Dance Music
Trance,Electronic Dance Music
Acid Trance,Trance
Big Room Trance,Trance
Dream Trance,Trance
Euro-Trance,Trance
Hands Up,Euro-Trance
Hard Trance,Trance
Ibiza Trance,Trance
NRG,Trance
Progressive Trance,Trance
Psytrance,Trance
Dark Psytrance,Psytrance
Hi-Tech Psytrance,Psytrance
Psycore,Psytrance
Full-On Psytrance,Psytrance
Goa Trance,Psytrance
Nitzhonot,Goa Trance
Progressive Psytrance,Psytrance
Suomisaundi,Psytrance
Tech Trance,Trance
Uplifting Trance,Trance
Vocal Trance,Trance
Trap [EDM],Electronic Dance Music
Festival Trap,Trap [EDM]
Hard Trap,Trap [EDM]
Heaven Trap,Trap [EDM]
Hybrid Trap,Trap [EDM]
Twerk,Trap [EDM]
Tribal Guarachero,Trap [EDM]
UK Bass,Electronic Dance Music
UK Funky,Electronic Dance Music
UK Garage,Electronic Dance Music
2-Step,UK Garage
Bassline,UK Garage
Breakstep,UK Garage
Future Garage,UK Garage
Speed Garage,UK Garage
Wonky,Electronic Dance Music
Miami Bass,Dance
Atlanta Bass,Miami Bass
Techno Bass,Miami Bass
Electronic,NA
Algorave,Electronic
Ambient Dub,Electronic
Ambient Trance,Electronic
Binaural Beats,Electronic
Bit Music,Electronic
Chiptune,Bit Music
FM Synthesis,Bit Music
Sequencer & Tracker,Bit Music
16-bit,Sequencer & Tracker
Black MIDI,Sequencer & Tracker
Doskpop,Sequencer & Tracker
Bitpop,Electronic
Celtic Electronica,Electronic
Digital Fusion,Electronic
Downtempo,Electronic
Trip Hop,Downtempo
Drift Phonk,Electronic
Dungeon Synth,Electronic
Comfy Synth,Dungeon Synth
Winter Synth,Dungeon Synth
Electroacoustic,Electronic
Acousmatic Music,Electronic
Electro-Industrial,Electronic
Electronic Dance Music,Electronic
Electropop,Electronic
Epic Collage,Electronic
Flashcore,Electronic
Folktronica,Electronic
Funktronica,Electronic
Glitch,Electronic
Glitch Hop,Electronic
HexDump,Electronic
Horror Synth,Electronic
Hyperpop,Electronic
IDM,Electronic
Drill and Bass,IDM
Illbient,Electronic
Indietronica,Electronic
Chillwave,Indietronica
Chillsynth,Indietronica
Glitch Pop,Indietronica
Latin Electronic,Electronic
Changa tuki,Latin Electronic
Digital Cumbia,Latin Electronic
Electro latino,Latin Electronic
Electrotango,Latin Electronic
Nortec,Latin Electronic
Tribal Guarachero,Latin Electronic
Livetronica,Electronic
Microsound,Electronic
Minatory,Electronic
Minimal Wave,Electronic
Minimal Synth,Minimal Wave
Moogsploitation,Electronic
Nightcore,Electronic
Nu Jazz,Electronic
Progressive Electronic,Electronic
Berlin School,Progressive Electronic
Psybient,Electronic
Space Ambient,Psybient
Synthpop,Electronic
Synth Punk,Synthpop
Synthwave,Electronic
Chillsynth,Synthwave
Darksynth,Synthwave
Tecnobrega,Electronic
Brega funk,Tecnobrega
Batidão romântico,Tecnobrega
Tecnofunk,Tecnobrega
Vapor,Electronic
Barber Beats,Vapor
Dreampunk,Vapor
Future Funk,Vapor
Hardvapour,Vapor
Utopian Virtual,Vapor
Vaportrap,Vapor
Vaporwave,Electronic
Broken Transmission,Vaporwave
Mallsoft,Vaporwave
Slushwave,Vaporwave
Wave,Electronic
Hardwave,Electronic
Witch House,Electronic
Hip Hop,NA
Abstract Hip Hop,Hip Hop
Afroswing,Hip Hop
Afro Trap,Hip Hop
Arabesque Rap,Hip Hop
Bongo Flava,Hip Hop
Boom Bap,Hip Hop
Bounce,Hip Hop
Chipmunk Soul,Hip Hop
Chopped and Screwed,Hip Hop
Christian Hip Hop,Hip Hop
Cloud Rap,Hip Hop
Comedy Rap,Hip Hop
Conscious Hip Hop,Hip Hop
Country Rap,Hip Hop
Crunk,Hip Hop
Crunkcore,Crunk
Digicore,Hip Hop
Dirty South,Hip Hop
Disco Rap,Hip Hop
Drumless,Hip Hop
East Coast Hip Hop,Hip Hop
Emo Rap,Hip Hop
Experimental Hip Hop,Hip Hop
Industrial Hip Hop,Experimental Hip Hop
French Hip Hop,Hip Hop
Genge,Hip Hop
G-Funk,Hip Hop
Hardcore Hip Hop,Hip Hop
Britcore,Hardcore Hip Hop
Gangsta Rap,Hardcore Hip Hop
Chicano Rap,Gangsta Rap
Horrorcore,Hardcore Hip Hop
Memphis Rap,Hardcore Hip Hop
Mid-School Hip Hop,Hardcore Hip Hop
Trap Metal,Mid-School Hip Hop
Hiplife,Hip Hop
Hyphy,Hip Hop
Jerk Rap,Hyphy
Instrumental Hip Hop,Hip Hop
Rare Phonk,Instrumental Hip Hop
Japanese Hip Hop,Hip Hop
Jazz Rap,Hip Hop
Jigg,Hip Hop
Jook,Hip Hop
Latin Rap,Hip Hop
Chicano Rap,Latin Rap
Lo-Fi Hip Hop,Hip Hop
Miami Bass,Hip Hop
Mobb Music,Hip Hop
Nerdcore Hip Hop,Hip Hop
Nervous Music,Hip Hop
Political Hip Hop,Hip Hop
Pop Rap,Hip Hop
Bop,Pop Rap
Futuristic Swag,Pop Rap
Ratchet Music,Pop Rap
Snap Music,Pop Rap
Southern Hip Hop,Hip Hop
Trap,Hip Hop
Detroit Trap,Trap
Drill Music,Trap
Chicago Drill,Drill
Bop,Chicago Drill
Jersey Drill,Drill
Sample Drill,Drill
UK Drill,Drill
Futuristic Swag,Trap
No Melody,Trap
Plugg,Trap
Dark Plugg,Plugg
PluggnB,Plugg
Rage,Trap
Rare Phonk,Trap
Sigilkore,Trap
Trap Metal,Trap
Trap shaabi,Trap
Tread Music,Trap
Turntablism,Hip Hop
UK Hip Hop,Hip Hop
West Coast Hip Hop,Hip Hop
Folk,NA
Contemporary Folk,Folk
American Primitivism,Contemporary Folk
Anti-Folk,Contemporary Folk
Avant-Folk,Contemporary Folk
Free Folk,Contemporary Folk
Campus Folk,Contemporary Folk
Chamber Folk,Contemporary Folk
Folk Baroque,Contemporary Folk
Folk Pop,Contemporary Folk
Indie Folk,Contemporary Folk
Neofolk,Contemporary Folk
Dark Folk,Neofolk
Progressive Folk,Contemporary Folk
Skiffle,Contemporary Folk
Xinyao,Contemporary Folk
Traditional Folk Music,Folk
African Folk Music,Traditional Folk Music
Ambasse bey,African Folk Music
African Folk Music developed by the Yabassi people of Cameroon.,African Folk Music
Apala,African Folk Music
Batuque,African Folk Music
Dagomba Music,African Folk Music
Gnawa,African Folk Music
Kabye Folk Music,African Folk Music
Kilapanga,African Folk Music
Malagasy Folk Music,African Folk Music
Mbenga-Mbuti Music,African Folk Music
Moutya,African Folk Music
Ngoma,African Folk Music
Unyago,Ngoma
Semba,African Folk Music
Southern African Folk Music,African Folk Music
Afrikaner Folk Music,Southern African Folk Music
Khoisan Folk Music,Southern African Folk Music
Nguni Folk Music,Southern African Folk Music
Shona Mbira Music,Southern African Folk Music
Sotho-Tswana Folk Music,Southern African Folk Music
Tchinkoumé,Southern African Folk Music
Traditional Maloya,African Folk Music
Traditional Séga,African Folk Music
Zinli,African Folk Music
American Folk Music,Traditional Folk Music
Appalachian Folk Music,American Folk Music
Old-Time,Appalachian Folk Music
Barbershop,American Folk Music
Country Blues,American Folk Music
Acoustic Texas Blues,Country Blues
Delta Blues,Country Blues
Hill Country Blues,Country Blues
Piedmont Blues,Country Blues
Field Hollers,American Folk Music
Fife and Drum Blues,American Folk Music
Jug Band,American Folk Music
Ring Shout,American Folk Music
Sacred Harp Music,American Folk Music
Spirituals,American Folk Music
Talking Blues,American Folk Music
Traditional Black Gospel,American Folk Music
Traditional Cajun Music,American Folk Music
Arabic Folk Music,Traditional Folk Music
Aita,Arabic Folk Music
Arabic Bellydance Music,Arabic Folk Music
Australian Folk Music,Traditional Folk Music
Austronesian Traditional Music,Traditional Folk Music
Gondang,Austronesian Traditional Music
Indigenous Taiwanese Music,Austronesian Traditional Music
Pakacaping Music,Austronesian Traditional Music
Brazilian Folk Music,Traditional Folk Music
Aboio,Brazilian Folk Music
Aboio cantado,Aboio
Banda de pífano,Brazilian Folk Music
Candomblé Music,Brazilian Folk Music
Cantoria,Brazilian Folk Music
Repente,Cantoria
Capoeira Music,Brazilian Folk Music
Fandango caiçara,Brazilian Folk Music
Jongo,Brazilian Folk Music
Ponto de umbanda,Jongo
Lundu,Brazilian Folk Music
Maracatu,Brazilian Folk Music
Modinha,Brazilian Folk Music
Rasqueado,Brazilian Folk Music
Samba de roda,Brazilian Folk Music
Sertanejo de raiz,Brazilian Folk Music
Moda de viola,Sertanejo de raiz
Buryat Folk Music,Traditional Folk Music
Canadian Folk Music,Traditional Folk Music
Canadian Maritime Folk,Canadian Folk Music
Cape Breton Folk Music,Canadian Maritime Folk
Cape Breton Fiddling,Cape Breton Fiddling
French-Canadian Folk Music,Canadian Maritime Folk
Newfoundland Folk Music,Canadian Maritime Folk
Caribbean Folk Music,Traditional Folk Music
Bele,Caribbean Folk Music
Benna,Caribbean Folk Music
Bomba,Caribbean Folk Music
Fungi,Caribbean Folk Music
Garifuna Folk Music,Caribbean Folk Music
Haitian Vodou Drumming,Caribbean Folk Music
Jibaro,Caribbean Folk Music
Kitchen Dance Music,Caribbean Folk Music
Mento,Caribbean Folk Music
Méringue,Caribbean Folk Music
Plena,Caribbean Folk Music
Ripsaw,Caribbean Folk Music
Trinidadian Cariso,Caribbean Folk Music
Tumba,Caribbean Folk Music
Virgin Islander Cariso,Caribbean Folk Music
Caucasian Folk Music,Traditional Folk Music
Abkhazian Folk Music,Caucasian Folk Music
Chechen Folk Music,Caucasian Folk Music
Circassian Folk Music,Caucasian Folk Music
Dagestani Folk Music,Caucasian Folk Music
Avar Folk Music,Dagestani Folk Music
Georgian Folk Music,Caucasian Folk Music
Ossetian Folk Music,Caucasian Folk Music
Chukchi Folk Music,Traditional Folk Music
East Asian Folk Music,Traditional Folk Music
Chinese Folk Music,East Asian Folk Music
Han Folk Music,Chinese Folk Music
Jiangnan sizhu,Chinese Folk Music
Shan’ge,Chinese Folk Music
Indigenous Taiwanese Music,East Asian Folk Music
Japanese Folk Music,East Asian Folk Music
Amami shimauta,Japanese Folk Music
Heikyoku,Japanese Folk Music
Kagura,Japanese Folk Music
Kouta,Japanese Folk Music
Min'yō,Japanese Folk Music
Ondō,Japanese Folk Music
Rōkyoku,Japanese Folk Music
Taiko,Japanese Folk Music
Tsugaru shamisen,Japanese Folk Music
Korean Folk Music,East Asian Folk Music
Pansori,Korean Folk Music
Sanjo,Korean Folk Music
Sinawi,Korean Folk Music
Vietnamese Folk Music,East Asian Folk Music
Chèo,Vietnamese Folk Music
Quan họ,Vietnamese Folk Music
Xẩm,Vietnamese Folk Music
European Folk Music,Traditional Folk Music
Alpine Folk Music,European Folk Music
Narodno zabavna glasba,Alpine Folk Music
Naturjodel,Alpine Folk Music
Balkan Folk Music,European Folk Music
Albanian Folk Music,Balkan Folk Music
Lab Polyphony,Albanian Folk Music
Musika popullore,Albanian Folk Music
Tosk Polyphony,Albanian Folk Music
Aromanian Folk Music,Balkan Folk Music
Balkan Brass Band,Balkan Folk Music
Bosnian Folk Music,Balkan Folk Music
Izvorna bosanska muzika,Bosnian Folk Music
Sevdalinka,Bosnian Folk Music
Bulgarian Folk Music,Balkan Folk Music
Croatian Folk Music,Balkan Folk Music
Klapa,Croatian Folk Music
Csango Folk Music,Balkan Folk Music
Gagauz Folk Music,Balkan Folk Music
Ganga,Balkan Folk Music
Greek Folk Music,Balkan Folk Music
Aegean Islands Folk Music,Greek Folk Music
Cretan Folk Music,Greek Folk Music
Rizitika,Cretan Folk Music
Dimotika,Greek Folk Music
Ionian Islands Folk Music,Greek Folk Music
Rembetika,Greek Folk Music
Macedonian Folk Music,Balkan Folk Music
Čalgija,Macedonian Folk Music
Montenegrin Folk Music,Balkan Folk Music
Muzică lăutărească,Balkan Folk Music
Serbian Folk Music,Balkan Folk Music
Starogradska muzika,Balkan Folk Music
Čalgija,Starogradska muzika
Baltic Folk Music,European Folk Music
Latvian Folk Music,Baltic Folk Music
Lithuanian Folk Music,Baltic Folk Music
Sutartinės,Lithuanian Folk Music
Balto-Finnic Folk Music,European Folk Music
Estonian Folk Music,Balto-Finnic Folk Music
Seto leelo,Estonian Folk Music
Finnish Folk Music,Balto-Finnic Folk Music
Karelian Folk Music,Balto-Finnic Folk Music
Livonian Folk Music,Balto-Finnic Folk Music
Rune Singing,Balto-Finnic Folk Music
Seto leelo,Rune Singing
Basque Folk Music,European Folk Music
Catalan Folk Music,European Folk Music
Sardana,Catalan Folk Music
Celtic Folk Music,European Folk Music
Asturian Folk Music,Celtic Folk Music
Breton Celtic Folk Music,Celtic Folk Music
Bagad,Breton Celtic Folk Music
Cape Breton Folk Music,Celtic Folk Music
Cape Breton Fiddling,Cape Breton Folk Music
Cornish Folk Music,Celtic Folk Music
Galician Folk Music,Celtic Folk Music
Irish Folk Music,Celtic Folk Music
Sean-nós,Irish Folk Music
Manx Folk Music,Celtic Folk Music
Scottish Folk Music,Celtic Folk Music
Òrain Ghàidhlig,Scottish Folk Music
Òrain luaidh,Òrain Ghàidhlig
Seinn nan salm,Òrain Ghàidhlig
Pìobaireachd,Scottish Folk Music
Pipe Band,Scottish Folk Music
Scots Song,Scottish Folk Music
Shetland & Orkney Folk Music,Scottish Folk Music
Trás-os-Montes Folk Music,Celtic Folk Music
Welsh Folk Music,Celtic Folk Music
Dutch Folk Music,European Folk Music
English Folk Music,European Folk Music
Cornish Folk Music,English Folk Music
Northumbrian Folk Music,English Folk Music
Scrumpy and Western,English Folk Music
Flemish Folk Music,European Folk Music
French Folk Music,European Folk Music
Alsatian Folk Music,French Folk Music
Breton Folk Music,French Folk Music
Breton Celtic Folk Music,Breton Folk Music
Corsican Folk Music,French Folk Music
Musette,French Folk Music
Swing musette,Musette
Occitan Folk Music,French Folk Music
Auvergnat Folk Music,Occitan Folk Music
Gascon Folk Music,Occitan Folk Music
German Folk Music,European Folk Music
Għana,European Folk Music
Hungarian Folk Music,European Folk Music
Csárdás,Hungarian Folk Music
Istrian Folk Music,European Folk Music
Italian Folk Music,European Folk Music
Cantu a tenore,Italian Folk Music
Canzone napoletana,Italian Folk Music
Liscio,Italian Folk Music
Stornello,Italian Folk Music
Tarantella,Italian Folk Music
Pizzica,Tarantella
Tammurriata,Tarantella
Trallalero,Italian Folk Music
Neo-Medieval Folk,European Folk Music
Neo-Pagan Folk,European Folk Music
Nordic Folk Music,European Folk Music
Danish Folk Music,Nordic Folk Music
Faroese Folk Music,Nordic Folk Music
Finnish Folk Music,Nordic Folk Music
Icelandic Folk Music,Nordic Folk Music
Joik,Nordic Folk Music
Nordic Old Time Dance Music,Nordic Folk Music
Polska,Nordic Old Time Dance Music
Hambo,Polska
Norwegian Folk Music,Nordic Folk Music
Swedish Folk Music,Nordic Folk Music
Hambo,Swedish Folk Music
Visor,Swedish Folk Music
Polka,European Folk Music
Portuguese Folk Music,European Folk Music
Cante alentejano,Portuguese Folk Music
Chamarrita açoriana,Portuguese Folk Music
Fado,Portuguese Folk Music
Fado de Coimbra,Fado
Trás-os-Montes Folk Music,Portuguese Folk Music
Romanian Folk Music,European Folk Music
Bocet,Romanian Folk Music
Colinde,Romanian Folk Music
Doină,Romanian Folk Music
Muzică lăutărească,Romanian Folk Music
Slavic Folk Music,European Folk Music
Belarusian Folk Music,Slavic Folk Music
Bosnian Folk Music,Slavic Folk Music
Bulgarian Folk Music,Slavic Folk Music
Croatian Folk Music,Slavic Folk Music
Czech Folk Music,Slavic Folk Music
Ganga,Slavic Folk Music
Goral Music,Slavic Folk Music
Polish Goral Music,Goral Music
Macedonian Folk Music,Slavic Folk Music
Montenegrin Folk Music,Slavic Folk Music
Moravian Folk Music,Slavic Folk Music
Polish Folk Music,Slavic Folk Music
Folklor miejski,Polish Folk Music
Warsaw City Folk,Folklor miejski
Kashubian Folk Music,Polish Folk Music
Krakowiak,Polish Folk Music
Kujawiak,Polish Folk Music
Kurpian Folk Music,Polish Folk Music
Oberek,Polish Folk Music
Polish Goral Music,Polish Folk Music
Russian Folk Music,Slavic Folk Music
Serbian Folk Music,Slavic Folk Music
Slovak Folk Music,Slavic Folk Music
Slovenian Folk Music,Slavic Folk Music
Narodno zabavna glasba,Slovenian Folk Music
Starogradska muzika,Slavic Folk Music
Ukrainian Folk Music,Slavic Folk Music
Duma,Ukrainian Folk Music
Hutsul Folk Music,Ukrainian Folk Music
Spanish Folk Music,European Folk Music
Andalusian Folk Music,Spanish Folk Music
Saeta,Andalusian Folk Music
Sevillanas,Andalusian Folk Music
Aragonese Folk Music,Spanish Folk Music
Asturian Folk Music,Spanish Folk Music
Canarian Folk Music,Spanish Folk Music
Chotis madrileño,Spanish Folk Music
Copla,Spanish Folk Music
Cuplé,Spanish Folk Music
Galician Folk Music,Spanish Folk Music
Pasodoble,Spanish Folk Music
Volga-Ural Folk Music,European Folk Music
Bashkir Folk Music,Volga-Ural Folk Music
Chuvash Folk Music,Volga-Ural Folk Music
Komi Folk Music,Volga-Ural Folk Music
Mari Folk Music,Volga-Ural Folk Music
Mordvin Folk Music,Volga-Ural Folk Music
Udmurt Folk Music,Volga-Ural Folk Music
Volga Tatar Folk Music,Volga-Ural Folk Music
Walloon Folk Music,European Folk Music
White Voice,European Folk Music
Yiddish Folksong,European Folk Music
Hazara Folk Music,Traditional Folk Music
Hill Tribe Music,Traditional Folk Music
Hmong Folk Music,Hill Tribe Music
Hispanic American Folk Music,Traditional Folk Music
Bambuco,Hispanic American Folk Music
Bomba,Hispanic American Folk Music
Candombe,Hispanic American Folk Music
Canto a lo poeta,Hispanic American Folk Music
Carranga,Hispanic American Folk Music
Chacarera,Hispanic American Folk Music
Chamarrita rioplatense,Hispanic American Folk Music
Cueca,Hispanic American Folk Music
Huayno,Hispanic American Folk Music
Bolivian Huayño,Huayno
Carnavalito,Huayno
Jibaro,Hispanic American Folk Music
Joropo,Hispanic American Folk Music
Malagueña venezolana,Hispanic American Folk Music
Mexican Folk Music,Hispanic American Folk Music
Canto cardenche,Mexican Folk Music
Son calentano,Mexican Folk Music
Son huasteco,Mexican Folk Music
Son istmeño,Mexican Folk Music
Son jarocho,Mexican Folk Music
Trova yucateca,Mexican Folk Music
Milonga,Hispanic American Folk Music
Muliza,Hispanic American Folk Music
Música criolla peruana,Hispanic American Folk Music
Marinera,Música criolla peruana
Tondero,Música criolla peruana
Vals criollo,Música criolla peruana
Plena,Hispanic American Folk Music
Saya,Hispanic American Folk Music
Tamborito,Hispanic American Folk Music
Taquirari,Hispanic American Folk Music
Tonada chilena,Hispanic American Folk Music
Yaraví,Hispanic American Folk Music
Zamacueca,Hispanic American Folk Music
Zamba,Hispanic American Folk Music
Indigenous American Traditional Music,Traditional Folk Music
Athabaskan Fiddling,Indigenous American Traditional Music
Inuit Vocal Games,Indigenous American Traditional Music
James Bay Fiddling,Indigenous American Traditional Music
Mapuche Folk Music,Indigenous American Traditional Music
Tonada potosina,Indigenous American Traditional Music
Ladino Folksong,Traditional Folk Music
Ob-Ugric Folk Music,Traditional Folk Music
Payada,Traditional Folk Music
Romani Folk Music,Traditional Folk Music
Samoyedic Folk Music,Traditional Folk Music
South Asian Folk Music,Traditional Folk Music
Assamese Folk Music,South Asian Folk Music
Bengali Folk Music,South Asian Folk Music
Baul gaan,Bengali Folk Music
Bhojpuri Folk Music,South Asian Folk Music
Boduberu,South Asian Folk Music
Burushaski Folk Music,South Asian Folk Music
Gujarati Folk Music,South Asian Folk Music
Kannada Folk Music,South Asian Folk Music
Kirtan,South Asian Folk Music
Malayali Folk Music,South Asian Folk Music
Marathi Folk Music,South Asian Folk Music
Newa Folk Music,South Asian Folk Music
Odia Folk Music,South Asian Folk Music
Pashto Folk Music,South Asian Folk Music
Punjabi Folk Music,South Asian Folk Music
Rajasthani Folk Music,South Asian Folk Music
Sinhalese Folk Music,South Asian Folk Music
Sarala gee,Sinhalese Folk Music
Tamil Folk Music,South Asian Folk Music
Urumi melam,Tamil Folk Music
Telugu Folk Music,South Asian Folk Music
Southeast Asian Folk Music,Traditional Folk Music
Balitaw,Southeast Asian Folk Music
Bamar Folk Music,Southeast Asian Folk Music
Gondang,Southeast Asian Folk Music
Hmong Folk Music,Southeast Asian Folk Music
Khmer Folk Music,Southeast Asian Folk Music
Kuda kepang,Southeast Asian Folk Music
Kundiman,Southeast Asian Folk Music
Lao Folk Music,Southeast Asian Folk Music
Malay Folk Music,Southeast Asian Folk Music
Rapai dabõih,Southeast Asian Folk Music
Thai Folk Music,Southeast Asian Folk Music
Fon leb,Thai Folk Music
West Asian Folk Music,Traditional Folk Music
Alevi Folk Music,West Asian Folk Music
Armenian Folk Music,West Asian Folk Music
Kef Music,Armenian Folk Music
Assyrian Folk Music,West Asian Folk Music
Israeli Folk Music,West Asian Folk Music
Kurdish Folk Music,West Asian Folk Music
Luri Folk Music,West Asian Folk Music
Meyxana,West Asian Folk Music
Persian Folk Music,West Asian Folk Music
Turkish Folk Music,West Asian Folk Music
Turkish Black Sea Region Folk Music,Turkish Folk Music
Uzun Hava,Turkish Folk Music
Zeybek,Turkish Folk Music
Work Songs,Traditional Folk Music
Aboio,Work Songs
Field Hollers,Work Songs
Òrain luaidh,Work Songs
Sea Shanties,Work Songs
Shan’ge,Work Songs
Yodeling,Traditional Folk Music
Country Yodeling,Yodeling
Naturjodel,Yodeling
